<?xml version="1.0" encoding="UTF-8"?>
<project-private xmlns="http://www.netbeans.org/ns/project-private/1">
    <editor-bookmarks xmlns="http://www.netbeans.org/ns/editor-bookmarks/2" lastBookmarkId="0"/>
    <open-files xmlns="http://www.netbeans.org/ns/projectui-open-files/2">
        <group>
            <file>file:/C:/Users/Matthew%20Antioquia/Documents/GitHub/MC5/%5BWEBAPDE%5D%20Mini%20Challenge%205/web/Edit.jsp</file>
            <file>file:/C:/Users/Matthew%20Antioquia/Documents/GitHub/MC5/%5BWEBAPDE%5D%20Mini%20Challenge%205/web/css/Edit.css</file>
            <file>file:/C:/Users/Matthew%20Antioquia/Documents/GitHub/MC5/%5BWEBAPDE%5D%20Mini%20Challenge%205/web/css/Homepage.css</file>
        </group>
    </open-files>
</project-private>
